<?xml version="1.0" encoding="UTF-8"?>
<project-private xmlns="http://www.netbeans.org/ns/project-private/1">
    <editor-bookmarks xmlns="http://www.netbeans.org/ns/editor-bookmarks/2" lastBookmarkId="0"/>
    <open-files xmlns="http://www.netbeans.org/ns/projectui-open-files/2">
        <group>
            <file>file:/C:/Users/ajita/Documents/NetBeansProjects/Explore%20360/src/icons/viewall.jpg</file>
            <file>file:/C:/Users/ajita/Documents/NetBeansProjects/Explore%20360/src/explore/pkg360/CheckHotels.java</file>
            <file>file:/C:/Users/ajita/Documents/NetBeansProjects/Explore%20360/src/explore/pkg360/Dashboard.java</file>
            <file>file:/C:/Users/ajita/Documents/NetBeansProjects/Explore%20360/src/explore/pkg360/About.java</file>
            <file>file:/C:/Users/ajita/Documents/NetBeansProjects/Explore%20360/src/explore/pkg360/ViewPackage.java</file>
            <file>file:/C:/Users/ajita/Documents/NetBeansProjects/Explore%20360/src/explore/pkg360/Conn.java</file>
            <file>file:/C:/Users/ajita/Documents/NetBeansProjects/Explore%20360/src/explore/pkg360/DeleteDetails.java</file>
            <file>file:/C:/Users/ajita/Documents/NetBeansProjects/Explore%20360/src/explore/pkg360/Login.java</file>
            <file>file:/C:/Users/ajita/Documents/NetBeansProjects/Explore%20360/src/explore/pkg360/Payment.java</file>
            <file>file:/C:/Users/ajita/Documents/NetBeansProjects/Explore%20360/src/icons/dest5.jpg</file>
            <file>file:/C:/Users/ajita/Documents/NetBeansProjects/Explore%20360/src/explore/pkg360/ViewBookedHotel.java</file>
            <file>file:/C:/Users/ajita/Documents/NetBeansProjects/Explore%20360/src/explore/pkg360/CheckPackage.java</file>
            <file>file:/C:/Users/ajita/Documents/NetBeansProjects/Explore%20360/src/icons/package3.jpg</file>
            <file>file:/C:/Users/ajita/Documents/NetBeansProjects/Explore%20360/src/explore/pkg360/ForgetPassword.java</file>
            <file>file:/C:/Users/ajita/Documents/NetBeansProjects/Explore%20360/src/explore/pkg360/UpdateCustomer.java</file>
            <file>file:/C:/Users/ajita/Documents/NetBeansProjects/Explore%20360/src/explore/pkg360/AddCustomer.java</file>
            <file>file:/C:/Users/ajita/Documents/NetBeansProjects/Explore%20360/src/explore/pkg360/BookHotel.java</file>
            <file>file:/C:/Users/ajita/Documents/NetBeansProjects/Explore%20360/src/explore/pkg360/ViewCustomer.java</file>
            <file>file:/C:/Users/ajita/Documents/NetBeansProjects/Explore%20360/src/icons/package2.jpg</file>
            <file>file:/C:/Users/ajita/Documents/NetBeansProjects/Explore%20360/src/explore/pkg360/Loading.java</file>
            <file>file:/C:/Users/ajita/Documents/NetBeansProjects/Explore%20360/src/explore/pkg360/Paytm.java</file>
            <file>file:/C:/Users/ajita/Documents/NetBeansProjects/Explore%20360/src/icons/paytm.jpeg</file>
            <file>file:/C:/Users/ajita/Documents/NetBeansProjects/Explore%20360/src/explore/pkg360/Destinations.java</file>
            <file>file:/C:/Users/ajita/Documents/NetBeansProjects/Explore%20360/src/icons/dest3.jpg</file>
            <file>file:/C:/Users/ajita/Documents/NetBeansProjects/Explore%20360/src/explore/pkg360/Splash.java</file>
            <file>file:/C:/Users/ajita/Documents/NetBeansProjects/Explore%20360/src/explore/pkg360/Signup.java</file>
            <file>file:/C:/Users/ajita/Documents/NetBeansProjects/Explore%20360/src/explore/pkg360/BookPackage.java</file>
            <file>file:/C:/Users/ajita/Documents/NetBeansProjects/Explore%20360/src/icons/dest2.png</file>
            <file>file:/C:/Users/ajita/Documents/NetBeansProjects/Explore%20360/src/icons/splash.jpg</file>
        </group>
    </open-files>
</project-private>
